posicao,combinacao,pre,proc,pos,n_avaliados,mrr,recall_at_1,recall_at_3,recall_at_5,recall_at_10,precisao_at_1,tempo_total_s
1,basico + e5 + medidas_graphrag_idf,basico,e5,medidas_graphrag_idf,1375,0.7044,0.6015,0.7891,0.8415,0.8865,0.6015,1.19
2,basico + e5_tfidf + nada,basico,e5_tfidf,nada,1375,0.7097,0.6022,0.7884,0.8502,0.9105,0.6022,1.76
3,nada + e5 + medidas_graphrag_idf,nada,e5,medidas_graphrag_idf,1375,0.7092,0.608,0.7804,0.8465,0.9004,0.608,0.32
4,basico + e5 + medidas_graphrag,basico,e5,medidas_graphrag,1375,0.6924,0.5847,0.7796,0.8385,0.8851,0.5847,1.21
5,basico + e5 + medidas_graphrag_idf_taxonomia,basico,e5,medidas_graphrag_idf_taxonomia,1375,0.6898,0.5855,0.7782,0.8356,0.8771,0.5855,1.23
6,nada + e5 + medidas_graphrag_idf_taxonomia,nada,e5,medidas_graphrag_idf_taxonomia,1375,0.704,0.6015,0.776,0.8436,0.8887,0.6015,0.36
7,nada + e5 + medidas_graphrag,nada,e5,medidas_graphrag,1375,0.7006,0.5971,0.7731,0.8385,0.8967,0.5971,2.67
8,nada + e5 + medidas_graphrag_taxonomia,nada,e5,medidas_graphrag_taxonomia,1375,0.6916,0.5855,0.7665,0.8356,0.8865,0.5855,0.3
9,basico + e5_tfidf_taxonomia + nada,basico,e5_tfidf_taxonomia,nada,1375,0.6312,0.472,0.7665,0.8415,0.9098,0.472,1.55
10,nada + e5_taxonomia + medidas_graphrag_idf,nada,e5_taxonomia,medidas_graphrag_idf,1375,0.698,0.6015,0.7644,0.832,0.8742,0.6015,0.26
11,basico + e5 + medidas_graphrag_taxonomia,basico,e5,medidas_graphrag_taxonomia,1375,0.6787,0.5709,0.7629,0.8247,0.8735,0.5709,1.18
12,basico + e5_tfidf + medidas_graphrag,basico,e5_tfidf,medidas_graphrag,1375,0.6743,0.5549,0.7629,0.8335,0.9069,0.5549,1.89
13,basico + e5_taxonomia + medidas_graphrag_idf,basico,e5_taxonomia,medidas_graphrag_idf,1375,0.6856,0.5884,0.7622,0.8131,0.8582,0.5884,1.15
14,basico + e5_tfidf_taxonomia + medidas_graphrag_idf,basico,e5_tfidf_taxonomia,medidas_graphrag_idf,1375,0.6711,0.5425,0.7622,0.8473,0.9142,0.5425,1.69
15,nada + e5_taxonomia + medidas_graphrag,nada,e5_taxonomia,medidas_graphrag,1375,0.6894,0.5898,0.7593,0.8204,0.8698,0.5898,0.27
16,basico + e5_tfidf + medidas_graphrag_idf,basico,e5_tfidf,medidas_graphrag_idf,1375,0.673,0.552,0.7593,0.84,0.9091,0.552,1.93
17,basico + e5_tfidf_taxonomia + medidas_graphrag,basico,e5_tfidf_taxonomia,medidas_graphrag,1375,0.6571,0.5222,0.7571,0.8436,0.9113,0.5222,1.69
18,basico + e5_taxonomia + medidas_graphrag,basico,e5_taxonomia,medidas_graphrag,1375,0.6728,0.5695,0.7542,0.808,0.8531,0.5695,1.15
19,basico + e5_tfidf_kg + nada,basico,e5_tfidf_kg,nada,1375,0.6639,0.5418,0.7498,0.8247,0.8989,0.5418,1.37
20,basico + e5_tfidf_kg + medidas_graphrag,basico,e5_tfidf_kg,medidas_graphrag,1375,0.6618,0.5411,0.7484,0.8233,0.8945,0.5411,1.53
21,basico + e5_tfidf + medidas,basico,e5_tfidf,medidas,1375,0.666,0.544,0.7476,0.8284,0.9069,0.544,1.84
22,nada + e5_tfidf + nada,nada,e5_tfidf,nada,1375,0.6744,0.5629,0.7462,0.8218,0.8887,0.5629,1.24
23,basico + e5 + nada,basico,e5,nada,1375,0.6689,0.5622,0.7425,0.8058,0.8691,0.5622,1.07
24,basico + e5_tfidf_kg + medidas_graphrag_idf,basico,e5_tfidf_kg,medidas_graphrag_idf,1375,0.6625,0.5462,0.7418,0.8175,0.8873,0.5462,1.51
25,basico + e5_tfidf_kg + medidas,basico,e5_tfidf_kg,medidas,1375,0.6556,0.5309,0.7411,0.8218,0.9084,0.5309,1.45
26,nada + e5 + nada,nada,e5,nada,1375,0.6748,0.5687,0.7404,0.8116,0.8815,0.5687,0.16
27,nada + e5 + taxonomia_rotulo,nada,e5,taxonomia_rotulo,1375,0.6709,0.5636,0.7389,0.8116,0.8684,0.5636,0.3
28,nada + e5_tfidf_taxonomia + nada,nada,e5_tfidf_taxonomia,nada,1375,0.6272,0.4778,0.7389,0.8327,0.9004,0.4778,0.54
29,nada + e5_tfidf_taxonomia + medidas_graphrag_idf,nada,e5_tfidf_taxonomia,medidas_graphrag_idf,1375,0.6614,0.5367,0.7382,0.8262,0.9011,0.5367,0.74
30,basico + e5 + medidas,basico,e5,medidas,1375,0.6575,0.5455,0.7382,0.8124,0.8771,0.5455,1.11
31,nada + e5_tfidf_kg + medidas_graphrag,nada,e5_tfidf_kg,medidas_graphrag,1375,0.6476,0.5265,0.7375,0.8087,0.8705,0.5265,0.81
32,nada + e5 + medidas_taxonomia,nada,e5,medidas_taxonomia,1375,0.6702,0.5615,0.7345,0.8196,0.8785,0.5615,0.23
33,nada + e5_taxonomia + medidas_graphrag_idf_taxonomia,nada,e5_taxonomia,medidas_graphrag_idf_taxonomia,1375,0.6657,0.5622,0.7345,0.8036,0.8509,0.5622,0.25
34,nada + e5_tfidf + medidas_graphrag,nada,e5_tfidf,medidas_graphrag,1375,0.652,0.5302,0.7331,0.816,0.8873,0.5302,1.42
35,nada + e5_tfidf + medidas_graphrag_idf,nada,e5_tfidf,medidas_graphrag_idf,1375,0.6588,0.5411,0.7331,0.8204,0.8873,0.5411,1.42
36,nada + e5_tfidf_taxonomia + medidas_graphrag,nada,e5_tfidf_taxonomia,medidas_graphrag,1375,0.6481,0.52,0.7331,0.8233,0.8989,0.52,0.7
37,nada + e5 + medidas,nada,e5,medidas,1375,0.6624,0.5498,0.7324,0.8189,0.8858,0.5498,3.19
38,basico + e5_tfidf_taxonomia + medidas,basico,e5_tfidf_taxonomia,medidas,1375,0.6238,0.4735,0.7324,0.8211,0.9098,0.4735,1.63
39,nada + e5_tfidf_kg + medidas_graphrag_idf,nada,e5_tfidf_kg,medidas_graphrag_idf,1375,0.6501,0.5338,0.7316,0.8044,0.8691,0.5338,0.8
40,basico + e5 + medidas_taxonomia,basico,e5,medidas_taxonomia,1375,0.6512,0.5389,0.7295,0.8007,0.8655,0.5389,1.16
41,nada + e5_taxonomia + medidas,nada,e5_taxonomia,medidas,1375,0.6574,0.5484,0.7287,0.8036,0.8604,0.5484,0.19
42,basico + e5_tfidf + medidas_graphrag_idf_taxonomia,basico,e5_tfidf,medidas_graphrag_idf_taxonomia,1375,0.6438,0.5193,0.7287,0.8131,0.8865,0.5193,1.91
43,basico + e5_taxonomia + medidas_graphrag_idf_taxonomia,basico,e5_taxonomia,medidas_graphrag_idf_taxonomia,1375,0.6443,0.5375,0.7287,0.792,0.8378,0.5375,1.14
44,nada + e5_tfidf + medidas_graphrag_idf_taxonomia,nada,e5_tfidf,medidas_graphrag_idf_taxonomia,1375,0.6376,0.5098,0.7273,0.8124,0.8822,0.5098,1.45
45,basico + e5 + graphrag_idf,basico,e5,graphrag_idf,1375,0.6432,0.5265,0.7273,0.8,0.8669,0.5265,1.15
46,basico + e5_tfidf_kg + medidas_taxonomia,basico,e5_tfidf_kg,medidas_taxonomia,1375,0.6341,0.5018,0.7265,0.808,0.8895,0.5018,1.42
47,nada + e5 + taxonomia,nada,e5,taxonomia,1375,0.6573,0.5462,0.7258,0.7978,0.8735,0.5462,3.43
48,basico + e5 + taxonomia_rotulo,basico,e5,taxonomia_rotulo,1375,0.6609,0.5578,0.7258,0.7956,0.8575,0.5578,1.13
49,basico + e5_tfidf + medidas_graphrag_taxonomia,basico,e5_tfidf,medidas_graphrag_taxonomia,1375,0.6331,0.5011,0.7258,0.8109,0.8844,0.5011,1.88
50,nada + e5_tfidf + medidas,nada,e5_tfidf,medidas,1375,0.6467,0.5258,0.7244,0.8131,0.8873,0.5258,1.31
51,nada + e5_tfidf_kg + medidas,nada,e5_tfidf_kg,medidas,1375,0.6389,0.5164,0.7244,0.8124,0.8778,0.5164,0.68
52,basico + e5_tfidf_kg + medidas_graphrag_idf_taxonomia,basico,e5_tfidf_kg,medidas_graphrag_idf_taxonomia,1375,0.638,0.5135,0.7222,0.8022,0.8793,0.5135,1.62
53,nada + e5 + graphrag_idf,nada,e5,graphrag_idf,1375,0.6442,0.5222,0.7215,0.7985,0.8771,0.5222,0.26
54,nada + e5_tfidf_kg + medidas_graphrag_idf_taxonomia,nada,e5_tfidf_kg,medidas_graphrag_idf_taxonomia,1375,0.6291,0.5025,0.7215,0.7927,0.8647,0.5025,0.79
55,nada + e5_taxonomia + medidas_graphrag_taxonomia,nada,e5_taxonomia,medidas_graphrag_taxonomia,1375,0.6506,0.5447,0.7215,0.7927,0.8436,0.5447,0.28
56,nada + e5_taxonomia + nada,nada,e5_taxonomia,nada,1375,0.6524,0.5455,0.7207,0.7869,0.8531,0.5455,0.11
57,basico + e5_tfidf_kg + medidas_graphrag_taxonomia,basico,e5_tfidf_kg,medidas_graphrag_taxonomia,1375,0.6327,0.5047,0.7207,0.8015,0.8807,0.5047,1.51
58,basico + e5_tfidf_taxonomia + medidas_graphrag_idf_taxonomia,basico,e5_tfidf_taxonomia,medidas_graphrag_idf_taxonomia,1375,0.6296,0.4953,0.7207,0.8058,0.8829,0.4953,1.69
59,nada + e5_tfidf_kg + nada,nada,e5_tfidf_kg,nada,1375,0.6431,0.5273,0.72,0.7993,0.8655,0.5273,0.6
60,basico + e5_tfidf_kg + taxonomia_rotulo,basico,e5_tfidf_kg,taxonomia_rotulo,1375,0.6322,0.5025,0.7193,0.8015,0.8851,0.5025,1.42
61,nada + e5_tfidf_kg + medidas_taxonomia,nada,e5_tfidf_kg,medidas_taxonomia,1375,0.6202,0.488,0.7185,0.7993,0.8698,0.488,0.67
62,nada + e5_tfidf_kg + medidas_graphrag_taxonomia,nada,e5_tfidf_kg,medidas_graphrag_taxonomia,1375,0.6193,0.4865,0.7171,0.7927,0.8604,0.4865,0.82
63,basico + e5 + taxonomia,basico,e5,taxonomia,1375,0.6457,0.5367,0.7171,0.7847,0.8524,0.5367,1.07
64,nada + e5_tfidf_taxonomia + medidas,nada,e5_tfidf_taxonomia,medidas,1375,0.6257,0.4865,0.7164,0.8175,0.8996,0.4865,0.6
65,nada + e5_tfidf + medidas_graphrag_taxonomia,nada,e5_tfidf,medidas_graphrag_taxonomia,1375,0.6254,0.4931,0.7156,0.8058,0.8771,0.4931,1.45
66,basico + e5_taxonomia + medidas,basico,e5_taxonomia,medidas,1375,0.6368,0.528,0.7142,0.7825,0.8422,0.528,1.07
67,nada + e5_taxonomia + graphrag_idf,nada,e5_taxonomia,graphrag_idf,1375,0.6424,0.5302,0.7135,0.7935,0.856,0.5302,0.2
68,basico + e5_tfidf + medidas_taxonomia,basico,e5_tfidf,medidas_taxonomia,1375,0.6279,0.5004,0.7113,0.792,0.8771,0.5004,1.82
69,basico + e5_taxonomia + nada,basico,e5_taxonomia,nada,1375,0.6392,0.5353,0.7084,0.7753,0.832,0.5353,1.02
70,basico + e5_tfidf + taxonomia,basico,e5_tfidf,taxonomia,1375,0.6326,0.5127,0.7069,0.7804,0.8778,0.5127,1.76
71,basico + e5_taxonomia + graphrag_idf,basico,e5_taxonomia,graphrag_idf,1375,0.6322,0.5244,0.7069,0.7789,0.8407,0.5244,1.1
72,nada + e5_tfidf_taxonomia + medidas_graphrag_idf_taxonomia,nada,e5_tfidf_taxonomia,medidas_graphrag_idf_taxonomia,1375,0.6211,0.488,0.7047,0.7971,0.8778,0.488,0.72
73,basico + e5_tfidf_taxonomia + medidas_graphrag_taxonomia,basico,e5_tfidf_taxonomia,medidas_graphrag_taxonomia,1375,0.6098,0.4691,0.7047,0.7971,0.8778,0.4691,1.72
74,basico + e5_tfidf_kg + taxonomia,basico,e5_tfidf_kg,taxonomia,1375,0.618,0.4865,0.704,0.7905,0.8793,0.4865,1.37
75,basico + e5_taxonomia + medidas_graphrag_taxonomia,basico,e5_taxonomia,medidas_graphrag_taxonomia,1375,0.6337,0.5295,0.704,0.7753,0.8255,0.5295,1.13
76,nada + e5_taxonomia + taxonomia_rotulo,nada,e5_taxonomia,taxonomia_rotulo,1375,0.6368,0.5295,0.7025,0.7702,0.8342,0.5295,0.16
77,basico + e5_tfidf + taxonomia_rotulo,basico,e5_tfidf,taxonomia_rotulo,1375,0.624,0.5004,0.6996,0.7833,0.8727,0.5004,1.83
78,nada + e5_tfidf + medidas_taxonomia,nada,e5_tfidf,medidas_taxonomia,1375,0.619,0.4916,0.6967,0.7884,0.8756,0.4916,1.33
79,nada + e5_taxonomia + medidas_taxonomia,nada,e5_taxonomia,medidas_taxonomia,1375,0.6256,0.5149,0.696,0.7695,0.8247,0.5149,0.17
80,basico + e5_tfidf + graphrag_idf,basico,e5_tfidf,graphrag_idf,1375,0.5958,0.4516,0.696,0.7876,0.8851,0.4516,1.84
81,nada + e5_tfidf_kg + taxonomia_rotulo,nada,e5_tfidf_kg,taxonomia_rotulo,1375,0.6071,0.4793,0.6938,0.7731,0.8625,0.4793,0.66
82,nada + e5_kg + medidas_graphrag_idf,nada,e5_kg,medidas_graphrag_idf,1375,0.6137,0.4938,0.6931,0.7687,0.8495,0.4938,0.76
83,basico + e5_kg + medidas_graphrag_idf,basico,e5_kg,medidas_graphrag_idf,1375,0.6173,0.5011,0.6931,0.7753,0.8487,0.5011,1.43
84,nada + e5_tfidf_taxonomia + medidas_graphrag_taxonomia,nada,e5_tfidf_taxonomia,medidas_graphrag_taxonomia,1375,0.6069,0.4713,0.6909,0.7833,0.8684,0.4713,0.69
85,basico + e5_tfidf_taxonomia + graphrag_idf,basico,e5_tfidf_taxonomia,graphrag_idf,1375,0.59,0.4393,0.6909,0.7855,0.8851,0.4393,1.65
86,basico + e5_kg + medidas_graphrag,basico,e5_kg,medidas_graphrag,1375,0.613,0.4938,0.6902,0.7745,0.8502,0.4938,1.43
87,nada + e5_tfidf + taxonomia_rotulo,nada,e5_tfidf,taxonomia_rotulo,1375,0.6154,0.4931,0.6895,0.7709,0.8633,0.4931,1.3
88,nada + e5_kg + medidas,nada,e5_kg,medidas,1375,0.6087,0.4858,0.6887,0.776,0.8538,0.4858,0.64
89,nada + e5_tfidf_kg + taxonomia,nada,e5_tfidf_kg,taxonomia,1375,0.5979,0.4655,0.6887,0.7724,0.8611,0.4655,0.6
90,nada + e5_kg + medidas_graphrag,nada,e5_kg,medidas_graphrag,1375,0.6084,0.4844,0.6873,0.7724,0.8509,0.4844,0.73
91,basico + e5_kg + medidas,basico,e5_kg,medidas,1375,0.6164,0.4975,0.6851,0.7818,0.8524,0.4975,1.35
92,basico + e5_kg + medidas_graphrag_idf_taxonomia,basico,e5_kg,medidas_graphrag_idf_taxonomia,1375,0.6009,0.4764,0.6844,0.7644,0.8495,0.4764,1.41
93,nada + e5_tfidf + taxonomia,nada,e5_tfidf,taxonomia,1375,0.612,0.4873,0.6836,0.7724,0.8698,0.4873,1.24
94,nada + e5_kg + medidas_graphrag_idf_taxonomia,nada,e5_kg,medidas_graphrag_idf_taxonomia,1375,0.6024,0.4778,0.6822,0.7673,0.8538,0.4778,0.74
95,basico + e5_taxonomia + taxonomia_rotulo,basico,e5_taxonomia,taxonomia_rotulo,1375,0.6197,0.5178,0.6822,0.7498,0.8182,0.5178,1.06
96,basico + e5_tfidf_taxonomia + medidas_taxonomia,basico,e5_tfidf_taxonomia,medidas_taxonomia,1375,0.5823,0.4342,0.68,0.7687,0.8705,0.4342,1.61
97,nada + e5_kg + medidas_graphrag_taxonomia,nada,e5_kg,medidas_graphrag_taxonomia,1375,0.5915,0.4611,0.6771,0.7644,0.8487,0.4611,0.75
98,basico + e5_tfidf_taxonomia + taxonomia_rotulo,basico,e5_tfidf_taxonomia,taxonomia_rotulo,1375,0.5635,0.4058,0.6771,0.7622,0.8625,0.4058,1.59
99,nada + e5_kg + nada,nada,e5_kg,nada,1375,0.5983,0.4742,0.6756,0.7571,0.8385,0.4742,0.56
100,basico + e5_kg + nada,basico,e5_kg,nada,1375,0.6028,0.4822,0.6742,0.7636,0.8349,0.4822,1.28
101,nada + e5_tfidf_taxonomia + taxonomia_rotulo,nada,e5_tfidf_taxonomia,taxonomia_rotulo,1375,0.5698,0.4182,0.6727,0.7709,0.8618,0.4182,0.59
102,basico + e5_kg + medidas_graphrag_taxonomia,basico,e5_kg,medidas_graphrag_taxonomia,1375,0.5904,0.4611,0.6727,0.7615,0.8415,0.4611,1.4
103,basico + e5_taxonomia + medidas_taxonomia,basico,e5_taxonomia,medidas_taxonomia,1375,0.6079,0.5011,0.6727,0.752,0.8087,0.5011,1.07
104,nada + e5_kg + medidas_taxonomia,nada,e5_kg,medidas_taxonomia,1375,0.5856,0.4516,0.6713,0.7629,0.8516,0.4516,0.63
105,basico + e5_kg + medidas_taxonomia,basico,e5_kg,medidas_taxonomia,1375,0.5887,0.4589,0.6705,0.76,0.8385,0.4589,1.33
106,nada + e5_tfidf_taxonomia + medidas_taxonomia,nada,e5_tfidf_taxonomia,medidas_taxonomia,1375,0.5835,0.4415,0.6676,0.7636,0.8618,0.4415,0.6
107,nada + e5_tfidf + graphrag_idf,nada,e5_tfidf,graphrag_idf,1375,0.5774,0.4342,0.6662,0.7615,0.8538,0.4342,1.35
108,nada + e5_taxonomia + taxonomia,nada,e5_taxonomia,taxonomia,1375,0.6074,0.5055,0.6662,0.7265,0.792,0.5055,0.11
109,nada + e5_tfidf_taxonomia + graphrag_idf,nada,e5_tfidf_taxonomia,graphrag_idf,1375,0.5727,0.4211,0.6647,0.7644,0.864,0.4211,0.64
110,basico + e5_tfidf_taxonomia + taxonomia,basico,e5_tfidf_taxonomia,taxonomia,1375,0.5485,0.3876,0.6604,0.7411,0.8611,0.3876,1.55
111,basico + e5_taxonomia + taxonomia,basico,e5_taxonomia,taxonomia,1375,0.5933,0.4924,0.6509,0.7178,0.7745,0.4924,1.02
112,nada + e5_kg + taxonomia_rotulo,nada,e5_kg,taxonomia_rotulo,1375,0.5515,0.4095,0.6385,0.7287,0.8327,0.4095,0.62
113,nada + e5_tfidf_taxonomia + taxonomia,nada,e5_tfidf_taxonomia,taxonomia,1375,0.549,0.3985,0.6378,0.7375,0.8516,0.3985,0.54
114,basico + e5_kg + taxonomia_rotulo,basico,e5_kg,taxonomia_rotulo,1375,0.5539,0.4211,0.6356,0.7302,0.8196,0.4211,1.32
115,basico + e5_tfidf_kg + graphrag_idf,basico,e5_tfidf_kg,graphrag_idf,1375,0.557,0.4175,0.6335,0.7302,0.8364,0.4175,1.46
116,nada + e5_kg + taxonomia,nada,e5_kg,taxonomia,1375,0.5506,0.416,0.6269,0.7244,0.8393,0.416,0.56
117,basico + e5_kg + taxonomia,basico,e5_kg,taxonomia,1375,0.5547,0.4255,0.6262,0.72,0.824,0.4255,1.28
118,nada + e5_tfidf_kg + graphrag_idf,nada,e5_tfidf_kg,graphrag_idf,1375,0.5416,0.4029,0.6218,0.704,0.8102,0.4029,0.73
119,nada + e5_kg + graphrag_idf,nada,e5_kg,graphrag_idf,1375,0.5294,0.3942,0.6051,0.6858,0.7935,0.3942,0.68
120,basico + e5_kg + graphrag_idf,basico,e5_kg,graphrag_idf,1375,0.5264,0.3913,0.5942,0.6938,0.7978,0.3913,1.38
